Source IP,Destination IP
192.168.40.248,13.89.179.10
192.168.40.248,66.22.231.210
192.168.40.248,13.89.179.10
192.168.40.248,13.89.179.10
192.168.40.248,13.89.179.10
66.22.231.210,192.168.40.248
66.22.231.210,192.168.40.248
192.168.40.248,13.89.179.10
192.168.40.248,13.89.179.10
192.168.40.248,13.89.179.10
192.168.40.248,66.22.231.210
66.22.231.210,192.168.40.248
66.22.231.210,192.168.40.248
192.168.40.248,66.22.231.210
66.22.231.210,192.168.40.248
66.22.231.210,192.168.40.248
192.168.40.248,66.22.231.210
192.168.40.248,66.22.231.210
66.22.231.210,192.168.40.248
66.22.231.210,192.168.40.248
192.168.40.248,35.83.45.75
192.168.40.248,66.22.231.210
66.22.231.210,192.168.40.248
192.168.40.248,52.182.143.211
192.168.40.248,52.182.143.211
192.168.40.248,52.182.143.211
192.168.40.248,52.182.143.211
66.22.231.210,192.168.40.248
192.168.40.248,140.82.114.25
66.22.231.210,192.168.40.248
66.22.231.210,192.168.40.248
192.168.40.248,162.159.133.234
192.168.40.248,66.22.231.210
66.22.231.210,192.168.40.248
66.22.231.210,192.168.40.248
192.168.40.248,52.182.143.211
192.168.40.248,52.182.143.211
192.168.40.248,52.182.143.211
192.168.40.248,52.182.143.211
192.168.40.248,66.22.231.210
66.22.231.210,192.168.40.248
192.168.40.248,142.250.200.2
192.168.40.248,142.250.200.2
192.168.40.248,142.250.200.2
192.168.40.248,142.250.200.2
142.250.200.2,192.168.40.248
142.250.200.2,192.168.40.248
142.250.200.2,192.168.40.248
142.250.200.2,192.168.40.248
142.250.200.2,192.168.40.248
192.168.40.248,142.250.200.2
192.168.40.248,142.250.200.2
142.250.200.2,192.168.40.248
142.250.200.2,192.168.40.248
142.250.200.2,192.168.40.248
142.250.200.2,192.168.40.248
192.168.40.248,142.250.200.2
142.250.200.2,192.168.40.248
192.168.40.248,142.250.200.2
142.250.200.2,192.168.40.248
192.168.40.248,142.250.200.2
142.250.200.2,192.168.40.248
192.168.40.248,142.250.200.2
142.250.200.2,192.168.40.248
192.168.40.248,66.22.231.210
66.22.231.210,192.168.40.248
192.168.40.248,162.159.133.234
66.22.231.210,192.168.40.248
66.22.231.210,192.168.40.248
192.168.40.248,66.22.231.210
66.22.231.210,192.168.40.248
66.22.231.210,192.168.40.248
66.22.231.210,192.168.40.248
192.168.40.248,66.22.231.210
192.168.40.248,162.159.133.234
66.22.231.210,192.168.40.248
192.168.40.248,66.22.231.210
66.22.231.210,192.168.40.248
66.22.231.210,192.168.40.248
192.168.40.248,142.250.200.2
142.250.200.2,192.168.40.248
142.250.200.2,192.168.40.248
192.168.40.248,142.250.200.2
142.250.200.2,192.168.40.248
192.168.40.248,66.22.231.210
66.22.231.210,192.168.40.248
66.22.231.210,192.168.40.248
192.168.40.248,66.22.231.210
66.22.231.210,192.168.40.248
192.168.40.248,162.159.133.234
192.168.40.248,66.22.231.210
66.22.231.210,192.168.40.248
192.168.40.248,66.22.231.210
66.22.231.210,192.168.40.248
66.22.231.210,192.168.40.248
192.168.40.248,66.22.231.210
66.22.231.210,192.168.40.248
66.22.231.210,192.168.40.248
66.22.231.210,192.168.40.248
192.168.40.248,66.22.231.210
